group	fill
1	#FFE5DC
2	#FFE7DE
3	#FFE7DE
4	#FFE4DA
5	#FFE2D7
6	#FFDFD4
7	#FFDED2
8	#FFDDD1
9	#FFDCCF
10	#FFDBCE
11	#FFDACD
12	#FFD9CB
13	#FFD8CA
14	#FFD7C9
15	#FFD2C3
16	#FFCCBA
17	#FFC5B1
18	#FFBEA9
19	#FFB7A0
20	#FFB198
21	#FFAA8F
22	#FFA084
23	#FF987A
24	#FF9071
25	#FF8464
26	#FF7857
27	#FF6B4A
28	#FF5D3C
29	#FF4E2F
30	#FF3C20
31	#FFEBE3
32	#FFEDE6
33	#FFEDE7
34	#FFEBE3
35	#FFE8E0
36	#FFE7DE
37	#FFE6DD
38	#FFE5DB
39	#FFE4DA
40	#FFE3D9
41	#FFE2D7
42	#FFE1D7
43	#FFE1D6
44	#FFDFD3
45	#FFDACD
46	#FFD3C4
47	#FFCCBB
48	#FFC5B2
49	#FFBEA8
50	#FFB79F
51	#FFAF96
52	#FFA78C
53	#FF9C80
54	#FF9476
55	#FF8C6D
56	#FF8161
57	#FF7554
58	#FF6846
59	#FF5A39
60	#FF4A2B
61	#FFF0EB
62	#FFF3EE
63	#FFF4F0
64	#FFF1EC
65	#FFF0EA
66	#FFEFE9
67	#FFEEE8
68	#FFEDE7
69	#FFECE6
70	#FFECE4
71	#FFEBE4
72	#FFEAE3
73	#FFE9E1
74	#FFE4DA
75	#FFDED3
76	#FFD8CB
77	#FFD1C1
78	#FFCAB8
79	#FFC3AF
80	#FFBCA6
81	#FFB49C
82	#FFAD93
83	#FFA387
84	#FF997C
85	#FF9172
86	#FF8969
87	#FF7E5E
88	#FF7250
89	#FF6443
90	#FF5636
91	#FFF6F3
92	#FFF9F6
93	#FFFBF9
94	#FFF9F7
95	#FFF8F6
96	#FFF8F5
97	#FFF7F4
98	#FFF6F3
99	#FFF5F1
100	#FFF4EF
101	#FFF2EE
102	#FFF1EC
103	#FFEDE6
104	#FFE7DF
105	#FFE2D8
106	#FFDDD0
107	#FFD6C8
108	#FFCFBF
109	#FFC8B5
110	#FFC1AC
111	#FFB9A3
112	#FFB29A
113	#FFA98F
114	#FF9F82
115	#FF9577
116	#FF8D6E
117	#FF8565
118	#FF7B5A
119	#FF6F4D
120	#FF6140
121	#FFFDFC
122	#FFFEFF
123	#FCFBFD
124	#FCFCFD
125	#FDFDFE
126	#FFFFFF
127	#FFFEFE
128	#FFFDFC
129	#FFFBFA
130	#FFFAF8
131	#FFF9F7
132	#FFF6F2
133	#FFF0EB
134	#FFEBE4
135	#FFE6DC
136	#FFE0D5
137	#FFDBCE
138	#FFD4C5
139	#FFCDBC
140	#FFC6B2
141	#FFBEA9
142	#FFB7A0
143	#FFB097
144	#FFA58A
145	#FF9B7D
146	#FF9273
147	#FF896A
148	#FF8160
149	#FF7857
150	#FF6A49
151	#FBFBFD
152	#F9F8FC
153	#F6F5FA
154	#F6F4FA
155	#F7F6FB
156	#F8F7FB
157	#F9F9FC
158	#FBFAFD
159	#FCFCFD
160	#FDFDFE
161	#FFFEFE
162	#FFF9F7
163	#FFF4F0
164	#FFEFE8
165	#FFE9E1
166	#FFE4DA
167	#FFDFD3
168	#FFD9CC
169	#FFD2C2
170	#FFCBB9
171	#FFC3AF
172	#FFBCA6
173	#FFB59D
174	#FFAC92
175	#FFA185
176	#FF9678
177	#FF8E6F
178	#FF8666
179	#FF7D5C
180	#FF714F
181	#F7F5FA
182	#F3F1F9
183	#F0EEF7
184	#EFEDF6
185	#F0EEF7
186	#F1F0F8
187	#F3F1F8
188	#F4F3F9
189	#F5F4FA
190	#F7F5FB
191	#FCFBFD
192	#FFFDFC
193	#FFF7F5
194	#FFF2ED
195	#FFEDE6
196	#FFE8DF
197	#FFE2D8
198	#FFDDD1
199	#FFD7C9
200	#FFCFBF
201	#FFC8B6
202	#FFC1AC
203	#FFB9A3
204	#FFB299
205	#FFA78D
206	#FF9D80
207	#FF9374
208	#FF8A6B
209	#FF805F
210	#FF7452
211	#F1EFF7
212	#EDEBF5
213	#EAE8F4
214	#E8E5F3
215	#EAE7F3
216	#EBE8F4
217	#ECEAF5
218	#EEEBF6
219	#EFEDF6
220	#F3F1F9
221	#F8F7FB
222	#FEFDFE
223	#FFFBFA
224	#FFF6F2
225	#FFF0EB
226	#FFEBE4
227	#FFE6DD
228	#FFE0D5
229	#FFDBCE
230	#FFD4C5
231	#FFCDBC
232	#FFC6B2
233	#FFBEA9
234	#FFB7A0
235	#FFAE94
236	#FFA388
237	#FF997B
238	#FF8E6F
239	#FF8262
240	#FF7756
241	#EBE8F4
242	#E7E4F2
243	#E5E1F1
244	#E2DEEF
245	#E3DFF0
246	#E4E1F1
247	#E6E2F1
248	#E7E4F2
249	#EAE7F4
250	#F0EDF7
251	#F5F3F9
252	#FAF9FC
253	#FFFFFF
254	#FFF9F7
255	#FFF4F0
256	#FFEFE9
257	#FFE9E1
258	#FFE4DA
259	#FFDED3
260	#FFD9CC
261	#FFD2C2
262	#FFCBB9
263	#FFC3AF
264	#FFBCA6
265	#FFB49C
266	#FFAA8F
267	#FF9F82
268	#FF9172
269	#FF8565
270	#FF7A59
271	#E5E1F1
272	#E2DEEF
273	#DFDBEE
274	#DCD7EC
275	#DCD8EC
276	#DEDAED
277	#DFDBEE
278	#E1DDEF
279	#E7E3F2
280	#ECE9F5
281	#F1EFF8
282	#F6F5FA
283	#FCFBFD
284	#FFFDFC
285	#FFF7F5
286	#FFF2ED
287	#FFEDE6
288	#FFE7DF
289	#FFE2D7
290	#FFDCD0
291	#FFD7C9
292	#FFCFBF
293	#FFC8B6
294	#FFC1AC
295	#FFB9A3
296	#FFAF96
297	#FFA286
298	#FF9375
299	#FF8565
300	#FF7958
301	#DFDBEE
302	#DCD7EC
303	#D9D4EA
304	#D6D1E9
305	#D6D1E9
306	#D8D2EA
307	#D9D4EA
308	#DED9ED
309	#E3DFF0
310	#E8E5F3
311	#EEEBF6
312	#F3F1F8
313	#F8F7FB
314	#FEFDFE
315	#FFFBF9
316	#FFF6F2
317	#FFF0EB
318	#FFEBE3
319	#FFE5DC
320	#FFE0D5
321	#FFDACD
322	#FFD3C4
323	#FFCBBA
324	#FFC4B0
325	#FFBBA5
326	#FFB198
327	#FFA287
328	#FF9577
329	#FF8767
330	#FF7957
331	#D9D4EB
332	#D6D1E9
333	#D3CEE7
334	#D1CBE6
335	#D0CAE5
336	#D1CBE6
337	#D5D0E8
338	#DAD5EB
339	#E0DBEE
340	#E5E1F1
341	#EAE7F4
342	#F0EDF7
343	#F5F3FA
344	#FAFAFC
345	#FFFEFE
346	#FFF9F7
347	#FFF3EF
348	#FFEDE7
349	#FFE7DF
350	#FFE1D6
351	#FFDBCE
352	#FFD5C6
353	#FFCDBC
354	#FFC5B1
355	#FFBDA7
356	#FFB199
357	#FFA488
358	#FF9678
359	#FF8868
360	#FF7A59
361	#D4CEE7
362	#D0CAE6
363	#CEC8E4
364	#CCC5E3
365	#C9C3E2
366	#CCC6E3
367	#D2CCE6
368	#D7D1E9
369	#DCD7EC
370	#E1DDEF
371	#E7E3F2
372	#ECE9F5
373	#F2F0F8
374	#F8F7FB
375	#FEFEFE
376	#FFFAF8
377	#FFF4F0
378	#FFEEE8
379	#FFE8E0
380	#FFE2D7
381	#FFDBCF
382	#FFD5C6
383	#FFCFBE
384	#FFC6B3
385	#FFBCA6
386	#FFB199
387	#FFA58A
388	#FF987A
389	#FF8A6A
390	#FF7958
391	#CEC7E4
392	#CBC4E3
393	#C9C2E2
394	#C6BFE0
395	#C4BDDF
396	#C9C2E1
397	#CEC8E4
398	#D3CEE7
399	#D9D4EA
400	#DFDBEE
401	#E5E1F1
402	#EBE8F4
403	#F1EFF7
404	#F7F6FB
405	#FDFDFE
406	#FFFBFA
407	#FFF5F1
408	#FFEFE9
409	#FFE8E0
410	#FFE2D7
411	#FFDBCF
412	#FFD5C6
413	#FFCFBE
414	#FFC7B4
415	#FFBCA6
416	#FFB199
417	#FFA78C
418	#FF987A
419	#FF8767
420	#FF7655
421	#C8C1E1
422	#C6BFE0
423	#C3BCDE
424	#C0B9DD
425	#C2BADE
426	#C6BFE0
427	#CCC6E3
428	#D2CCE7
429	#D8D3EA
430	#DEDAED
431	#E4E0F0
432	#EAE7F4
433	#F0EEF7
434	#F6F5FA
435	#FCFCFD
436	#FFFBFA
437	#FFF5F1
438	#FFEFE9
439	#FFE8E0
440	#FFE2D7
441	#FFDBCF
442	#FFD5C6
443	#FFCEBE
444	#FFC5B2
445	#FFBCA6
446	#FFB198
447	#FFA488
448	#FF9577
449	#FF8564
450	#FF7352
451	#C3BCDF
452	#C1BADE
453	#BFB7DC
454	#C0B8DD
455	#C2BADE
456	#C5BEE0
457	#CBC5E3
458	#D1CBE6
459	#D7D2E9
460	#DDD9ED
461	#E3DFF0
462	#E9E6F3
463	#EFEDF7
464	#F6F4FA
465	#FCFCFD
466	#FFFBFA
467	#FFF5F1
468	#FFEFE9
469	#FFE8E0
470	#FFE2D7
471	#FFDBCF
472	#FFD5C6
473	#FFCDBB
474	#FFC4B0
475	#FFB9A3
476	#FFAD93
477	#FFA084
478	#FF9374
479	#FF8261
480	#FF704F
481	#C0B9DD
482	#BEB6DC
483	#BEB6DB
484	#C0B8DD
485	#C2BADE
486	#C5BDDF
487	#CBC4E2
488	#D0CAE6
489	#D6D1E9
490	#DCD8EC
491	#E3DFF0
492	#E9E6F3
493	#EFEDF7
494	#F6F4FA
495	#FCFCFD
496	#FFFBFA
497	#FFF5F1
498	#FFEFE9
499	#FFE8E0
500	#FFE2D7
501	#FFDBCF
502	#FFD4C5
503	#FFCAB7
504	#FFBFAA
505	#FFB49C
506	#FFA98F
507	#FF9C7F
508	#FF8F70
509	#FF7F5E
510	#FF6D4C
511	#BDB5DB
512	#BCB4DA
513	#BEB6DB
514	#C0B8DD
515	#C2BADE
516	#C4BCDF
517	#CAC3E2
518	#D0CAE5
519	#D6D1E9
520	#DCD8EC
521	#E3DFF0
522	#E9E6F3
523	#EFEDF7
524	#F6F5FA
525	#FCFCFD
526	#FFFBFA
527	#FFF5F1
528	#FFEFE9
529	#FFE8E0
530	#FFE2D7
531	#FFDACE
532	#FFCFBF
533	#FFC5B1
534	#FFBAA3
535	#FFAF96
536	#FFA489
537	#FF987B
538	#FF8B6B
539	#FF7C5B
540	#FF6A49
541	#BAB2DA
542	#BCB4DA
543	#BEB6DB
544	#C0B8DD
545	#C2BADE
546	#C4BCDF
547	#CAC3E2
548	#D0CAE5
549	#D6D1E9
550	#DCD8EC
551	#E3DFF0
552	#E9E6F3
553	#F0EDF7
554	#F6F5FA
555	#FCFCFE
556	#FFFBFA
557	#FFF5F1
558	#FFEFE8
559	#FFE8E0
560	#FFDFD4
561	#FFD5C6
562	#FFCAB8
563	#FFC0AB
564	#FFB59D
565	#FFAA90
566	#FF9F82
567	#FF9475
568	#FF8767
569	#FF7958
570	#FF6746
571	#BBB3DA
572	#BCB4DA
573	#BEB6DC
574	#C0B8DD
575	#C2BBDE
576	#C5BDDF
577	#CAC3E2
578	#D0CAE5
579	#D6D1E9
580	#DDD8EC
581	#E3DFF0
582	#E9E6F3
583	#F0EDF7
584	#F6F5FA
585	#FCFCFE
586	#FFFBFA
587	#FFF5F1
588	#FFEDE6
589	#FFE4DB
590	#FFDBCE
591	#FFD0C0
592	#FFC5B2
593	#FFBBA4
594	#FFB097
595	#FFA589
596	#FF9A7C
597	#FF8E6F
598	#FF8362
599	#FF7553
600	#FF6443
601	#BDB6DB
602	#BEB6DC
603	#BFB7DC
604	#C1B9DD
605	#C3BCDF
606	#C6BEE0
607	#CAC3E2
608	#D0CAE5
609	#D6D1E9
610	#DDD8EC
611	#E3DFF0
612	#E9E6F3
613	#F0EDF7
614	#F6F5FA
615	#FCFCFE
616	#FFFAF9
617	#FFF2ED
618	#FFE9E1
619	#FFE0D5
620	#FFD6C7
621	#FFCBB9
622	#FFC0AB
623	#FFB59E
624	#FFAB90
625	#FF9F83
626	#FF9476
627	#FF8969
628	#FF7D5C
629	#FF704F
630	#FF6140
631	#C1BADD
632	#C1BADD
633	#C2BADE
634	#C2BBDE
635	#C4BDDF
636	#C6BFE0
637	#CAC3E2
638	#D0CAE5
639	#D6D1E9
640	#DDD8EC
641	#E3DFF0
642	#E9E6F3
643	#F0EDF7
644	#F6F5FA
645	#FFFFFF
646	#FFF7F4
647	#FFEEE8
648	#FFE5DC
649	#FFDBCE
650	#FFD1C0
651	#FFC6B3
652	#FFBBA5
653	#FFB098
654	#FFA58A
655	#FF9A7D
656	#FF8F70
657	#FF8363
658	#FF7756
659	#FF6B49
660	#FF5C3B
661	#C5BEDF
662	#C5BEE0
663	#C5BEE0
664	#C5BEE0
665	#C6BFE0
666	#C7C0E1
667	#CAC3E2
668	#D0CAE5
669	#D6D1E9
670	#DDD8EC
671	#E3DFF0
672	#E9E6F3
673	#F1EFF8
674	#FAF9FC
675	#FFFCFA
676	#FFF3EE
677	#FFEAE3
678	#FFE1D6
679	#FFD6C8
680	#FFCCBA
681	#FFC1AC
682	#FFB69F
683	#FFAB91
684	#FFA084
685	#FF9577
686	#FF896A
687	#FF7E5D
688	#FF7150
689	#FF6443
690	#FF5636
691	#C8C1E1
692	#C9C2E2
693	#C9C2E2
694	#C9C2E2
695	#C9C2E2
696	#CAC3E2
697	#CBC4E3
698	#D0CAE5
699	#D6D1E9
700	#DDD8EC
701	#E4E0F0
702	#ECEAF5
703	#F5F4FA
704	#FEFDFE
705	#FFF8F5
706	#FFEFE9
707	#FFE6DD
708	#FFDCCF
709	#FFD1C1
710	#FFC7B4
711	#FFBCA6
712	#FFB198
713	#FFA68B
714	#FF9B7E
715	#FF9071
716	#FF8464
717	#FF7857
718	#FF6B4A
719	#FF5E3D
720	#FF4F30
721	#CCC5E3
722	#CDC6E4
723	#CDC6E4
724	#CDC6E4
725	#CDC6E4
726	#CDC6E4
727	#CDC7E4
728	#D0CAE6
729	#D6D1E9
730	#DFDBEE
731	#E8E4F2
732	#F0EEF7
733	#F9F8FC
734	#FFFDFC
735	#FFF4F0
736	#FFEBE4
737	#FFE1D7
738	#FFD7C9
739	#FFCCBB
740	#FFC2AD
741	#FFB79F
742	#FFAC92
743	#FFA185
744	#FF9678
745	#FF8A6A
746	#FF7E5D
747	#FF7251
748	#FF6544
749	#FF5737
750	#FF4729
751	#D0C9E5
752	#D0CAE6
753	#D1CBE6
754	#D1CBE6
755	#D1CBE6
756	#D1CBE6
757	#D1CBE6
758	#D4CEE8
759	#DBD6EB
760	#E3DFF0
761	#EBE9F4
762	#F4F2F9
763	#FDFCFE
764	#FFF9F6
765	#FFF0EB
766	#FFE7DE
767	#FFDCD0
768	#FFD2C2
769	#FFC7B4
770	#FFBCA7
771	#FFB299
772	#FFA78C
773	#FF9C7F
774	#FF9071
775	#FF8564
776	#FF7957
777	#FF6C4A
778	#FF5F3E
779	#FF5030
780	#FF3F22
781	#D3CDE7
782	#D4CEE7
783	#D4CFE8
784	#D4CFE8
785	#D4CFE8
786	#D5D0E8
787	#D8D2EA
788	#DAD5EB
789	#E1DDEF
790	#E8E5F2
791	#EFEDF6
792	#F8F7FB
793	#FFFEFD
794	#FFF5F1
795	#FFECE5
796	#FFE2D8
797	#FFD7CA
798	#FFCDBC
799	#FFC2AE
800	#FFB7A0
801	#FFAD93
802	#FFA286
803	#FF9678
804	#FF8B6B
805	#FF7F5E
806	#FF7351
807	#FF6644
808	#FF5837
809	#FF482A
810	#FF351B
811	#D8D2EA
812	#D7D2E9
813	#D8D3EA
814	#D8D3EA
815	#DBD6EB
816	#DDD8EC
817	#DFDBEE
818	#E1DDEF
819	#E7E4F2
820	#EEEBF6
821	#F5F3F9
822	#FCFBFD
823	#FFFAF8
824	#FFF1EC
825	#FFE8DF
826	#FFDDD1
827	#FFD2C3
828	#FFC8B5
829	#FFBDA8
830	#FFB29A
831	#FFA78D
832	#FF9C7F
833	#FF9172
834	#FF8565
835	#FF7958
836	#FF6D4B
837	#FF5F3E
838	#FF5131
839	#FF4023
840	#FF2A14
841	#DCD8EC
842	#DCD7EC
843	#DDD8ED
844	#E0DCEE
845	#E2DEEF
846	#E4E1F1
847	#E7E3F2
848	#E9E6F3
849	#EEECF6
850	#F4F3F9
851	#FBFAFD
852	#FFFCFB
853	#FFF5F2
854	#FFEDE7
855	#FFE3D8
856	#FFD8CA
857	#FFCDBC
858	#FFC3AF
859	#FFB8A1
860	#FFAD94
861	#FFA286
862	#FF9779
863	#FF8C6C
864	#FF805F
865	#FF7352
866	#FF6745
867	#FF5938
868	#FF492B
869	#FF371C
870	#FF1C0A
871	#E3DFF0
872	#E4E0F0
873	#E5E1F1
874	#E7E4F2
875	#EAE7F4
876	#ECE9F5
877	#EEECF6
878	#F1EEF7
879	#F5F3F9
880	#FBFAFD
881	#FFFDFC
882	#FFF6F3
883	#FFEFEA
884	#FFE7DE
885	#FFDED2
886	#FFD3C4
887	#FFC8B6
888	#FFBEA8
889	#FFB39B
890	#FFA88D
891	#FF9D80
892	#FF9273
893	#FF8666
894	#FF7A59
895	#FF6E4C
896	#FF603F
897	#FF5232
898	#FF4124
899	#FF2C15
900	#FF0000
